-- phpMyAdmin SQL Dump
-- version 5.0.2
-- https://www.phpmyadmin.net/
--
-- Servidor: 127.0.0.1
-- Tiempo de generación: 23-07-2020 a las 23:02:49
-- Versión del servidor: 10.4.13-MariaDB
-- Versión de PHP: 7.3.20

SET SQL_MODE = "NO_AUTO_VALUE_ON_ZERO";
START TRANSACTION;
SET time_zone = "+00:00";


/*!40101 SET @OLD_CHARACTER_SET_CLIENT=@@CHARACTER_SET_CLIENT */;
/*!40101 SET @OLD_CHARACTER_SET_RESULTS=@@CHARACTER_SET_RESULTS */;
/*!40101 SET @OLD_COLLATION_CONNECTION=@@COLLATION_CONNECTION */;
/*!40101 SET NAMES utf8mb4 */;

--
-- Base de datos: `gdlwebcamp`
--
CREATE DATABASE IF NOT EXISTS `gdlwebcamp` DEFAULT CHARACTER SET utf8mb4 COLLATE utf8mb4_general_ci;
USE `gdlwebcamp`;

-- --------------------------------------------------------

--
-- Estructura de tabla para la tabla `admins`
--

CREATE TABLE `admins` (
  `id_admin` int(11) NOT NULL,
  `usuario` varchar(50) NOT NULL,
  `nombre` varchar(100) NOT NULL,
  `password` varchar(60) NOT NULL,
  `editado` datetime NOT NULL,
  `nivel` int(1) NOT NULL
) ENGINE=InnoDB DEFAULT CHARSET=utf8mb4;

--
-- Volcado de datos para la tabla `admins`
--

INSERT INTO `admins` (`id_admin`, `usuario`, `nombre`, `password`, `editado`, `nivel`) VALUES
(1, 'admin', 'Vanessa', '$2y$12$3eJMPyiT.rS9agesbJLWUO52LZfZToBfqL5O8M8Mv9i7.2jJQxzhq', '0000-00-00 00:00:00', 1),
(4, 'admin4', 'Conejito', '$2y$12$2O9C.yDBunbSNqLJ0xJXrOKI3qk67Imo9oBpZlmGRNROlbMQRjLv.', '0000-00-00 00:00:00', 0),
(5, 'admin5', 'Conejo', '$2y$12$cuykzqWUC1F0EVw.5mIesO4T/RTfBjhhDYn2tOG2dAlFGWFbsCyIO', '0000-00-00 00:00:00', 0),
(12, 'Uru', 'Uru', '$2y$12$2Ox6kagZsS40KCWAsnwfzuFuJHrnVLH1ua9FZpPE5Xyxllyivfjve', '2020-07-18 16:23:41', 0);

-- --------------------------------------------------------

--
-- Estructura de tabla para la tabla `categoria_evento`
--

CREATE TABLE `categoria_evento` (
  `id_categoria` tinyint(10) NOT NULL,
  `cat_evento` varchar(50) NOT NULL,
  `icono` varchar(20) NOT NULL,
  `editado` datetime NOT NULL
) ENGINE=InnoDB DEFAULT CHARSET=utf8mb4;

--
-- Volcado de datos para la tabla `categoria_evento`
--

INSERT INTO `categoria_evento` (`id_categoria`, `cat_evento`, `icono`, `editado`) VALUES
(1, 'Seminario', 'fa-university', '0000-00-00 00:00:00'),
(2, 'Conferencias', 'fa-comment', '0000-00-00 00:00:00'),
(3, 'Talleres', 'fa-code', '0000-00-00 00:00:00');

-- --------------------------------------------------------

--
-- Estructura de tabla para la tabla `eventos`
--

CREATE TABLE `eventos` (
  `evento_id` tinyint(10) NOT NULL,
  `nombre_evento` varchar(60) NOT NULL,
  `fecha_evento` date NOT NULL,
  `hora_evento` time NOT NULL,
  `id_cat_evento` tinyint(10) NOT NULL,
  `id_inv` tinyint(4) NOT NULL,
  `clave` varchar(10) NOT NULL,
  `editado` datetime NOT NULL
) ENGINE=InnoDB DEFAULT CHARSET=utf8mb4;

--
-- Volcado de datos para la tabla `eventos`
--

INSERT INTO `eventos` (`evento_id`, `nombre_evento`, `fecha_evento`, `hora_evento`, `id_cat_evento`, `id_inv`, `clave`, `editado`) VALUES
(2, 'Responsive Web Design', '2016-12-09', '10:00:00', 3, 1, 'taller_01', '0000-00-00 00:00:00'),
(3, 'Flexbox', '2016-12-09', '12:00:00', 3, 2, 'taller_02', '0000-00-00 00:00:00'),
(4, 'HTML5 y CSS3', '2016-12-09', '14:00:00', 3, 3, 'taller_03', '0000-00-00 00:00:00'),
(5, 'Drupal', '2016-12-09', '17:00:00', 3, 4, 'taller_04', '0000-00-00 00:00:00'),
(6, 'WordPress', '2016-12-09', '19:00:00', 3, 5, 'taller_05', '0000-00-00 00:00:00'),
(7, 'Como ser freelancer', '2016-12-09', '10:00:00', 2, 6, 'conf_01', '0000-00-00 00:00:00'),
(8, 'Tecnologías del Futuro', '2016-12-09', '17:00:00', 2, 1, 'conf_02', '0000-00-00 00:00:00'),
(9, 'Seguridad en la Web', '2016-12-09', '19:00:00', 2, 2, 'conf_03', '0000-00-00 00:00:00'),
(10, 'Diseño UI y UX para móviles', '2016-12-09', '10:00:00', 1, 6, 'sem_01', '0000-00-00 00:00:00'),
(11, 'AngularJS', '2016-12-10', '10:00:00', 3, 1, 'taller_06', '0000-00-00 00:00:00'),
(12, 'PHP y MySQL', '2016-12-10', '12:00:00', 3, 2, 'taller_07', '0000-00-00 00:00:00'),
(13, 'JavaScript Avanzado', '2016-12-10', '14:00:00', 3, 3, 'taller_08', '0000-00-00 00:00:00'),
(14, 'SEO en Google', '2016-12-10', '17:00:00', 3, 4, 'taller_09', '0000-00-00 00:00:00'),
(15, 'De Photoshop a HTML5 y CSS3', '2016-12-10', '19:00:00', 3, 5, 'taller_10', '0000-00-00 00:00:00'),
(16, 'PHP Intermedio y Avanzado', '2016-12-10', '21:00:00', 3, 6, 'taller_11', '0000-00-00 00:00:00'),
(17, 'Como crear una tienda online que venda millones en pocos día', '2016-12-10', '10:00:00', 2, 6, 'conf_04', '0000-00-00 00:00:00'),
(18, 'Los mejores lugares para encontrar trabajo', '2016-12-10', '17:00:00', 2, 1, 'conf_05', '0000-00-00 00:00:00'),
(19, 'Pasos para crear un negocio rentable ', '2016-12-10', '19:00:00', 2, 2, 'conf_06', '0000-00-00 00:00:00'),
(20, 'Aprende a Programar en una mañana', '2016-12-10', '10:00:00', 1, 3, 'sem_02', '0000-00-00 00:00:00'),
(21, 'Diseño UI y UX para móviles', '2016-12-10', '17:00:00', 1, 5, 'sem_03', '0000-00-00 00:00:00'),
(22, 'Laravel', '2016-12-11', '10:00:00', 3, 1, 'taller_12', '0000-00-00 00:00:00'),
(23, 'Crea tu propia API', '2016-12-11', '12:00:00', 3, 2, 'taller_13', '0000-00-00 00:00:00'),
(24, 'JavaScript y jQuery', '2016-12-11', '14:00:00', 3, 3, 'taller_14', '0000-00-00 00:00:00'),
(25, 'Creando Plantillas para WordPress', '2016-12-11', '17:00:00', 3, 4, 'taller_15', '0000-00-00 00:00:00'),
(26, 'Tiendas Virtuales en Magento', '2016-12-11', '19:00:00', 3, 5, 'taller_16', '0000-00-00 00:00:00'),
(27, 'Como hacer Marketing en línea', '2016-12-11', '10:00:00', 2, 6, 'conf_07', '0000-00-00 00:00:00'),
(28, '¿Con que lenguaje debo empezar?', '2016-12-11', '17:00:00', 2, 2, 'conf_08', '0000-00-00 00:00:00'),
(29, 'Frameworks y librerias Open Source', '2016-12-11', '19:00:00', 2, 3, 'conf_09', '0000-00-00 00:00:00'),
(30, 'Creando una App en Android en una mañana', '2016-12-11', '10:00:00', 1, 4, 'sem_04', '0000-00-00 00:00:00'),
(31, 'Creando una App en iOS en una tarde', '2016-12-11', '17:00:00', 1, 1, 'sem_05', '0000-00-00 00:00:00');

-- --------------------------------------------------------

--
-- Estructura de tabla para la tabla `invitados`
--

CREATE TABLE `invitados` (
  `invitado_id` tinyint(4) NOT NULL,
  `nombre_invitado` varchar(30) NOT NULL,
  `apellido_invitado` varchar(30) NOT NULL,
  `descripcion` text NOT NULL,
  `url_imagen` varchar(50) NOT NULL
) ENGINE=InnoDB DEFAULT CHARSET=utf8mb4;

--
-- Volcado de datos para la tabla `invitados`
--

INSERT INTO `invitados` (`invitado_id`, `nombre_invitado`, `apellido_invitado`, `descripcion`, `url_imagen`) VALUES
(1, 'Rafael', 'Bautista', 'Lorem ipsum dolor sit, amet consectetur adipisicing elit. Non maxime voluptate distinctio? Fugit voluptatem quas provident neque atque voluptatum.', 'invitado1.jpg'),
(2, 'Shari', 'Herrera', 'Itaque aliquid facilis quos temporibus eaque labore commodi dolore fugit fuga? Fugit voluptatem quas provident neque atque voluptatum. Itaque aliquid facilis.', 'invitado2.jpg'),
(3, 'Gregorio', 'Sanchez', 'Fugit voluptatem quas provident neque atque voluptatum. Itaque aliquid facilis quos temporibus eaque labore commodi dolore fugit fuga?', 'invitado3.jpg'),
(4, 'Susana', 'Rivera', 'Non maxime voluptate distinctio? Fugit voluptatem quas provident neque atque voluptatum. Itaque aliquid facilis quos temporibus eaque labore commodi dolore.', 'invitado4.jpg'),
(5, 'Harold', 'Garcia', 'Itaque aliquid facilis quos temporibus eaque labore commodi dolore fugit fuga? Non maxime voluptate distinctio? Fugit voluptatem quas.', 'invitado5.jpg'),
(6, 'Susan', 'Sanchez', 'Fugit voluptatem quas provident neque atque voluptatum. Itaque aliquid facilis quos temporibus eaque labore commodi dolore fugit fuga?', 'invitado6.jpg');

-- --------------------------------------------------------

--
-- Estructura de tabla para la tabla `regalos`
--

CREATE TABLE `regalos` (
  `id_regalo` int(11) NOT NULL,
  `nombre_regalo` varchar(50) NOT NULL
) ENGINE=InnoDB DEFAULT CHARSET=utf8mb4;

--
-- Volcado de datos para la tabla `regalos`
--

INSERT INTO `regalos` (`id_regalo`, `nombre_regalo`) VALUES
(1, 'Pulsera'),
(2, 'Etiquetas'),
(3, 'Plumas');

-- --------------------------------------------------------

--
-- Estructura de tabla para la tabla `registrados`
--

CREATE TABLE `registrados` (
  `id_registrado` bigint(20) UNSIGNED NOT NULL,
  `nombre_registrado` varchar(50) NOT NULL,
  `apellido_registrado` varchar(50) NOT NULL,
  `email_registrado` varchar(100) NOT NULL,
  `fecha_registro` datetime NOT NULL,
  `pases_articulos` longtext NOT NULL,
  `talleres_registrados` longtext NOT NULL,
  `regalo` int(11) NOT NULL,
  `total_pagado` varchar(50) NOT NULL,
  `pagado` int(1) NOT NULL DEFAULT 0
) ENGINE=InnoDB DEFAULT CHARSET=utf8mb4;

--
-- Volcado de datos para la tabla `registrados`
--

INSERT INTO `registrados` (`id_registrado`, `nombre_registrado`, `apellido_registrado`, `email_registrado`, `fecha_registro`, `pases_articulos`, `talleres_registrados`, `regalo`, `total_pagado`, `pagado`) VALUES
(1, 'Vanessa', 'Velásquez', '2vcolombiana@gmail.com', '2020-07-01 18:36:12', '{\"un_dia\":2,\"pase_completo\":1,\"camisas\":2,\"etiquetas\":4}', '{\"eventos\":[\"taller_01\",\"taller_02\",\"taller_03\",\"taller_04\",\"conf_04\",\"conf_05\",\"taller_12\",\"taller_13\",\"taller_14\"]}', 1, '136.6', 0),
(29, 'Andrés', 'Urrutia', 'conejito@correo.com', '2020-07-11 07:04:02', '{\"un_dia\":1,\"pase_completo\":1,\"pase_2dias\":1,\"camisas\":1,\"etiquetas\":2}', '{\"eventos\":[\"conf_01\"]}', 3, '43.3', 1),
(33, 'Vanessa', 'Velásquez', 'vanessa.velasquez_or@uao.edu.co', '2020-07-11 07:40:26', '{\"un_dia\":1,\"pase_completo\":1,\"pase_2dias\":1,\"etiquetas\":2}', '{\"eventos\":[\"taller_01\",\"conf_04\",\"sem_04\"]}', 3, '134', 1),
(34, 'Conejito', 'Urrutia', 'conejo@uru.com', '2020-07-21 18:02:46', '{\"un_dia\":1,\"pase_completo\":1,\"pase_2dias\":1}', '{\"eventos\":[\"10\"]}', 2, '30', 0),
(35, 'Uru', 'Conejo', 'conejito@gmail.com', '2020-07-21 12:31:41', '{\"un_dia\":{\"cantidad\":\"1\"},\"pase_completo\":{\"cantidad\":\"\"},\"pase_2dias\":{\"cantidad\":\"3\"},\"camisas\":3,\"etiquetas\":5}', '{\"eventos\":[\"7\",\"18\",\"31\"]}', 1, '202.9', 1);

--
-- Índices para tablas volcadas
--

--
-- Indices de la tabla `admins`
--
ALTER TABLE `admins`
  ADD PRIMARY KEY (`id_admin`),
  ADD UNIQUE KEY `usuario` (`usuario`);

--
-- Indices de la tabla `categoria_evento`
--
ALTER TABLE `categoria_evento`
  ADD PRIMARY KEY (`id_categoria`);

--
-- Indices de la tabla `eventos`
--
ALTER TABLE `eventos`
  ADD PRIMARY KEY (`evento_id`),
  ADD KEY `id_cat_evento` (`id_cat_evento`),
  ADD KEY `id_inv` (`id_inv`);

--
-- Indices de la tabla `invitados`
--
ALTER TABLE `invitados`
  ADD PRIMARY KEY (`invitado_id`);

--
-- Indices de la tabla `regalos`
--
ALTER TABLE `regalos`
  ADD PRIMARY KEY (`id_regalo`);

--
-- Indices de la tabla `registrados`
--
ALTER TABLE `registrados`
  ADD PRIMARY KEY (`id_registrado`),
  ADD KEY `regalo` (`regalo`);

--
-- AUTO_INCREMENT de las tablas volcadas
--

--
-- AUTO_INCREMENT de la tabla `admins`
--
ALTER TABLE `admins`
  MODIFY `id_admin` int(11) NOT NULL AUTO_INCREMENT, AUTO_INCREMENT=14;

--
-- AUTO_INCREMENT de la tabla `categoria_evento`
--
ALTER TABLE `categoria_evento`
  MODIFY `id_categoria` tinyint(10) NOT NULL AUTO_INCREMENT, AUTO_INCREMENT=6;

--
-- AUTO_INCREMENT de la tabla `eventos`
--
ALTER TABLE `eventos`
  MODIFY `evento_id` tinyint(10) NOT NULL AUTO_INCREMENT, AUTO_INCREMENT=38;

--
-- AUTO_INCREMENT de la tabla `invitados`
--
ALTER TABLE `invitados`
  MODIFY `invitado_id` tinyint(4) NOT NULL AUTO_INCREMENT, AUTO_INCREMENT=11;

--
-- AUTO_INCREMENT de la tabla `regalos`
--
ALTER TABLE `regalos`
  MODIFY `id_regalo` int(11) NOT NULL AUTO_INCREMENT, AUTO_INCREMENT=4;

--
-- AUTO_INCREMENT de la tabla `registrados`
--
ALTER TABLE `registrados`
  MODIFY `id_registrado` bigint(20) UNSIGNED NOT NULL AUTO_INCREMENT, AUTO_INCREMENT=37;

--
-- Restricciones para tablas volcadas
--

--
-- Filtros para la tabla `eventos`
--
ALTER TABLE `eventos`
  ADD CONSTRAINT `eventos_ibfk_1` FOREIGN KEY (`id_cat_evento`) REFERENCES `categoria_evento` (`id_categoria`),
  ADD CONSTRAINT `eventos_ibfk_2` FOREIGN KEY (`id_inv`) REFERENCES `invitados` (`invitado_id`);

--
-- Filtros para la tabla `registrados`
--
ALTER TABLE `registrados`
  ADD CONSTRAINT `registrados_ibfk_1` FOREIGN KEY (`regalo`) REFERENCES `regalos` (`id_regalo`);
COMMIT;

/*!40101 SET CHARACTER_SET_CLIENT=@OLD_CHARACTER_SET_CLIENT */;
/*!40101 SET CHARACTER_SET_RESULTS=@OLD_CHARACTER_SET_RESULTS */;
/*!40101 SET COLLATION_CONNECTION=@OLD_COLLATION_CONNECTION */;
